<assembly
	xmlns="http://maven.apache.org/plugins/maven-assembly-plugin/assembly/1.1.0"
	xmlns:xsi="http://www.w3.org/2001/XMLSchema-instance"
	xsi:schemaLocation="http://maven.apache.org/plugins/maven-assembly-plugin/assembly/1.1.0 http://maven.apache.org/xsd/assembly-1.1.0.xsd">
	<id>pack</id>
	<formats>
		<format>zip</format>
	</formats>
	<includeBaseDirectory>false</includeBaseDirectory>
	<dependencySets>
		<dependencySet>
			<outputDirectory>/libs</outputDirectory>
			<excludes>
				<exclude>ru.tapublog.lib.gsm0348:gsm0348-api</exclude>
				<exclude>ru.tapublog.lib.gsm0348:gsm0348-impl</exclude>
				<exclude>ru.tapublog.lib.gsm0348:gsm0348-crypto</exclude>
			</excludes>
		</dependencySet>
		<dependencySet>
			<outputDirectory>/</outputDirectory>
			<includes>
				<include>ru.tapublog.lib.gsm0348:gsm0348-api</include>
				<include>ru.tapublog.lib.gsm0348:gsm0348-impl</include>
				<include>ru.tapublog.lib.gsm0348:gsm0348-crypto</include>
			</includes>
		</dependencySet>
	</dependencySets>
	<files>
		<file>
			<source>resources/license.txt</source>
		</file>
	</files>
</assembly>
